{"cameraMode":{"drawMode":0,"name":"Shaded","section":"Shading Mode"},"sceneLighting":false,"audioPlay":false,"sceneViewState":{"showFog":true,"showMaterialUpdate":false,"showSkybox":false,"showFlares":true,"showImageEffects":true,"showParticleSystems":true},"in2DMode":false,"pivot":{"x":0.0,"y":0.7799999713897705,"z":5.599999904632568},"rotation":{"x":-0.48345106840133669,"y":0.09110644459724426,"z":-0.05065044015645981,"w":-0.8691592216491699},"size":3.6499905586242677,"orthographic":false}